<!DOCTYPE hibernate-configuration PUBLIC "-//Hibernate/Hibernate Configuration DTD 3.0//EN" "http://hibernate.sourceforge.net/hibernate-configuration-3.0.dtd">
<hibernate-configuration>
    <session-factory>
        <!-- Database connection settings -->
        <property name="hibernate.connection.driver_class">com.mysql.cj.jdbc.Driver</property>
        <property name="hibernate.connection.url">jdbc:mysql://localhost:3306/yourdatabase</property>
        <property name="hibernate.connection.username">root</property>
        <property name="hibernate.connection.password">password</property>

        <!-- Specify dialect -->
        <property name="hibernate.dialect">org.hibernate.dialect.MySQL8Dialect</property>

        <!-- Echo all executed SQL to stdout -->
        <property name="hibernate.show_sql">true</property>

        <!-- Drop and re-create the database schema on startup -->
        <property name="hibernate.hbm2ddl.auto">update</property>

        <!-- Mention annotated classes -->
        <mapping class="com.example.entity.Person"/>
        <mapping class="com.example.entity.Address"/>
        <mapping class="com.example.entity.Department"/>
        <mapping class="com.example.entity.Employee"/>
        <mapping class="com.example.entity.Product"/>
        <mapping class="com.example.entity.Order"/>
        <mapping class="com.example.entity.Student"/>
        <mapping class="com.example.entity.Course"/>
    </session-factory>
</hibernate-configuration>
